ERR2239508,ERX2291668
ERR2239509,ERX2291669
ERR2239510,ERX2291670
ERR2239511,ERX2291671
ERR2239512,ERX2291672
ERR2239513,ERX2291673
ERR2239514,ERX2291674
ERR2239515,ERX2291675
ERR2239428,ERX2291588
ERR2239429,ERX2291589
ERR2239189,ERX2291349
ERR2239516,ERX2291676
ERR2239517,ERX2291677
ERR2239518,ERX2291678
ERR2239519,ERX2291679
ERR2239520,ERX2291680
ERR2239521,ERX2291681
ERR2239522,ERX2291682
ERR2239523,ERX2291683
ERR2239524,ERX2291684
ERR2239525,ERX2291685
ERR2239526,ERX2291686
ERR2239527,ERX2291687
ERR2239432,ERX2291592
ERR2239528,ERX2291688
ERR2239098,ERX2291258
ERR2239529,ERX2291689
ERR2239530,ERX2291690
ERR2239433,ERX2291593
ERR2239434,ERX2291594
ERR2239531,ERX2291691
ERR2239532,ERX2291692
ERR2239435,ERX2291595
ERR2239533,ERX2291693
ERR2239534,ERX2291694
ERR2239535,ERX2291695
ERR2239536,ERX2291696
ERR2239436,ERX2291596
ERR2239537,ERX2291697
ERR2239538,ERX2291698
ERR2239539,ERX2291699
ERR2239540,ERX2291700
ERR2239541,ERX2291701
ERR2239542,ERX2291702
ERR2239543,ERX2291703
ERR2239544,ERX2291704
ERR2239545,ERX2291705
ERR2239546,ERX2291706
ERR2239191,ERX2291351
ERR2239437,ERX2291597
ERR2239547,ERX2291707
ERR2239548,ERX2291708
ERR2239192,ERX2291352
ERR2239549,ERX2291709
ERR2239550,ERX2291710
ERR2239551,ERX2291711
ERR2239552,ERX2291712
ERR2239553,ERX2291713
ERR2239193,ERX2291353
ERR2239554,ERX2291714
ERR2239555,ERX2291715
ERR2239194,ERX2291354
ERR2239195,ERX2291355
ERR2239556,ERX2291716
ERR2239557,ERX2291717
ERR2239196,ERX2291356
ERR2239558,ERX2291718
ERR2239438,ERX2291598
ERR2239559,ERX2291719
ERR2239560,ERX2291720
ERR2239440,ERX2291600
ERR2239561,ERX2291721
ERR2239562,ERX2291722
ERR2239563,ERX2291723
ERR2239564,ERX2291724
ERR2239197,ERX2291357
ERR2239565,ERX2291725
ERR2239566,ERX2291726
ERR2239567,ERX2291727
ERR2239568,ERX2291728
ERR2239569,ERX2291729
ERR2239570,ERX2291730
ERR2239571,ERX2291731
ERR2239572,ERX2291732
ERR2239198,ERX2291358
ERR2239200,ERX2291360
ERR2239201,ERX2291361
ERR2239202,ERX2291362
ERR2239573,ERX2291733
ERR2239441,ERX2291601
ERR2239107,ERX2291267
ERR2239203,ERX2291363
ERR2239204,ERX2291364
ERR2239443,ERX2291603
ERR2239205,ERX2291365
ERR2239206,ERX2291366
ERR2239207,ERX2291367
ERR2239210,ERX2291370
ERR2239211,ERX2291371
ERR2239213,ERX2291373
ERR2239444,ERX2291604
ERR2239214,ERX2291374
ERR2239215,ERX2291375
ERR2239574,ERX2291734
ERR2239216,ERX2291376
ERR2239575,ERX2291735
ERR2239217,ERX2291377
ERR2239218,ERX2291378
ERR2239219,ERX2291379
ERR2239220,ERX2291380
ERR2239221,ERX2291381
ERR2239222,ERX2291382
ERR2239223,ERX2291383
ERR2239224,ERX2291384
ERR2239225,ERX2291385
ERR2239445,ERX2291605
ERR2239226,ERX2291386
ERR2239576,ERX2291736
ERR2239227,ERX2291387
ERR2239228,ERX2291388
ERR2239118,ERX2291278
ERR2239446,ERX2291606
ERR2239229,ERX2291389
ERR2239577,ERX2291737
ERR2239230,ERX2291390
ERR2239231,ERX2291391
ERR2239119,ERX2291279
ERR2239447,ERX2291607
ERR2239448,ERX2291608
ERR2239122,ERX2291282
ERR2239232,ERX2291392
ERR2239578,ERX2291738
ERR2239450,ERX2291610
ERR2239234,ERX2291394
ERR2239235,ERX2291395
ERR2239236,ERX2291396
ERR2239237,ERX2291397
ERR2239238,ERX2291398
ERR2239239,ERX2291399
ERR2239579,ERX2291739
ERR2239451,ERX2291611
ERR2239240,ERX2291400
ERR2239241,ERX2291401
ERR2239452,ERX2291612
ERR2239580,ERX2291740
ERR2239581,ERX2291741
ERR2239127,ERX2291287
ERR2239242,ERX2291402
ERR2239243,ERX2291403
ERR2239244,ERX2291404
ERR2239245,ERX2291405
ERR2239453,ERX2291613
ERR2239582,ERX2291742
ERR2239246,ERX2291406
ERR2239247,ERX2291407
ERR2239249,ERX2291409
ERR2239250,ERX2291410
ERR2239251,ERX2291411
ERR2239583,ERX2291743
ERR2239252,ERX2291412
ERR2239253,ERX2291413
ERR2239585,ERX2291745
ERR2239454,ERX2291614
ERR2239254,ERX2291414
ERR2239455,ERX2291615
ERR2239255,ERX2291415
ERR2239256,ERX2291416
ERR2239258,ERX2291418
ERR2239259,ERX2291419
ERR2239260,ERX2291420
ERR2239261,ERX2291421
ERR2239262,ERX2291422
ERR2239263,ERX2291423
ERR2239264,ERX2291424
ERR2239587,ERX2291747
ERR2239588,ERX2291748
ERR2239265,ERX2291425
ERR2239266,ERX2291426
ERR2239589,ERX2291749
ERR2239268,ERX2291428
ERR2239269,ERX2291429
ERR2239270,ERX2291430
ERR2239271,ERX2291431
ERR2239273,ERX2291433
ERR2239274,ERX2291434
ERR2239276,ERX2291436
ERR2239132,ERX2291292
ERR2239277,ERX2291437
ERR2239279,ERX2291439
ERR2239281,ERX2291441
ERR2239282,ERX2291442
ERR2239283,ERX2291443
ERR2239284,ERX2291444
ERR2239285,ERX2291445
ERR2239590,ERX2291750
ERR2239591,ERX2291751
ERR2239592,ERX2291752
ERR2239287,ERX2291447
ERR2239288,ERX2291448
ERR2239289,ERX2291449
ERR2239290,ERX2291450
ERR2239593,ERX2291753
ERR2239291,ERX2291451
ERR2239292,ERX2291452
ERR2239293,ERX2291453
ERR2239594,ERX2291754
ERR2239294,ERX2291454
ERR2239295,ERX2291455
ERR2239296,ERX2291456
ERR2239595,ERX2291755
ERR2239596,ERX2291756
ERR2239597,ERX2291757
ERR2239297,ERX2291457
ERR2239299,ERX2291459
ERR2239598,ERX2291758
ERR2239599,ERX2291759
ERR2239600,ERX2291760
ERR2239300,ERX2291460
ERR2239601,ERX2291761
ERR2239602,ERX2291762
ERR2239456,ERX2291616
ERR2239603,ERX2291763
ERR2239604,ERX2291764
ERR2239605,ERX2291765
ERR2239606,ERX2291766
ERR2239607,ERX2291767
ERR2239608,ERX2291768
ERR2239609,ERX2291769
ERR2239610,ERX2291770
ERR2239611,ERX2291771
ERR2239457,ERX2291617
ERR2239612,ERX2291772
ERR2239139,ERX2291299
ERR2239613,ERX2291773
ERR2239614,ERX2291774
ERR2239615,ERX2291775
ERR2239616,ERX2291776
ERR2239617,ERX2291777
ERR2239618,ERX2291778
ERR2239619,ERX2291779
ERR2239620,ERX2291780
ERR2239621,ERX2291781
ERR2239458,ERX2291618
ERR2239622,ERX2291782
ERR2239623,ERX2291783
ERR2239624,ERX2291784
ERR2239625,ERX2291785
ERR2239626,ERX2291786
ERR2239627,ERX2291787
ERR2239628,ERX2291788
ERR2239629,ERX2291789
ERR2239630,ERX2291790
ERR2239631,ERX2291791
ERR2239632,ERX2291792
ERR2239633,ERX2291793
ERR2239634,ERX2291794
ERR2239635,ERX2291795
ERR2239636,ERX2291796
ERR2239302,ERX2291462
ERR2239303,ERX2291463
ERR2239304,ERX2291464
ERR2239637,ERX2291797
ERR2239460,ERX2291620
ERR2239638,ERX2291798
ERR2239639,ERX2291799
ERR2239305,ERX2291465
ERR2239640,ERX2291800
ERR2239306,ERX2291466
ERR2239461,ERX2291621
ERR2239462,ERX2291622
ERR2239641,ERX2291801
ERR2239307,ERX2291467
ERR2239308,ERX2291468
ERR2239309,ERX2291469
ERR2239310,ERX2291470
ERR2239642,ERX2291802
ERR2239643,ERX2291803
ERR2239644,ERX2291804
ERR2239645,ERX2291805
ERR2239646,ERX2291806
ERR2239647,ERX2291807
ERR2239648,ERX2291808
ERR2239649,ERX2291809
ERR2239650,ERX2291810
ERR2239651,ERX2291811
ERR2239652,ERX2291812
ERR2239653,ERX2291813
ERR2239654,ERX2291814
ERR2239655,ERX2291815
ERR2239656,ERX2291816
ERR2239657,ERX2291817
ERR2239658,ERX2291818
ERR2239659,ERX2291819
ERR2239660,ERX2291820
ERR2239661,ERX2291821
ERR2239662,ERX2291822
ERR2239663,ERX2291823
ERR2239664,ERX2291824
ERR2239665,ERX2291825
ERR2239666,ERX2291826
ERR2239667,ERX2291827
ERR2239668,ERX2291828
ERR2239463,ERX2291623
ERR2239669,ERX2291829
ERR2239670,ERX2291830
ERR2239671,ERX2291831
ERR2239672,ERX2291832
ERR2239673,ERX2291833
ERR2239674,ERX2291834
ERR2239675,ERX2291835
ERR2239676,ERX2291836
ERR2239677,ERX2291837
ERR2239678,ERX2291838
ERR2239679,ERX2291839
ERR2239680,ERX2291840
ERR2239681,ERX2291841
ERR2239682,ERX2291842
ERR2239683,ERX2291843
ERR2239684,ERX2291844
ERR2239685,ERX2291845
ERR2239686,ERX2291846
ERR2239687,ERX2291847
ERR2239688,ERX2291848
ERR2239689,ERX2291849
ERR2239690,ERX2291850
ERR2239691,ERX2291851
ERR2239692,ERX2291852
ERR2239693,ERX2291853
ERR2239694,ERX2291854
ERR2239695,ERX2291855
ERR2239696,ERX2291856
ERR2239697,ERX2291857
ERR2239698,ERX2291858
ERR2239699,ERX2291859
ERR2239700,ERX2291860
ERR2239701,ERX2291861
ERR2239702,ERX2291862
ERR2239703,ERX2291863
ERR2239704,ERX2291864
ERR2239705,ERX2291865
ERR2239706,ERX2291866
ERR2239707,ERX2291867
ERR2239708,ERX2291868
ERR2239709,ERX2291869
ERR2239710,ERX2291870
ERR2239711,ERX2291871
ERR2239712,ERX2291872
ERR2239713,ERX2291873
ERR2239714,ERX2291874
ERR2239715,ERX2291875
ERR2239716,ERX2291876
ERR2239717,ERX2291877
ERR2239718,ERX2291878
ERR2239719,ERX2291879
ERR2239720,ERX2291880
ERR2239721,ERX2291881
ERR2239722,ERX2291882
ERR2239723,ERX2291883
ERR2239724,ERX2291884
ERR2239725,ERX2291885
ERR2239726,ERX2291886
ERR2239727,ERX2291887
ERR2239728,ERX2291888
ERR2239729,ERX2291889
ERR2239730,ERX2291890
ERR2239731,ERX2291891
ERR2239465,ERX2291625
ERR2239466,ERX2291626
ERR2239732,ERX2291892
ERR2239733,ERX2291893
ERR2239312,ERX2291472
ERR2239313,ERX2291473
ERR2239734,ERX2291894
ERR2239735,ERX2291895
ERR2239736,ERX2291896
ERR2239467,ERX2291627
ERR2239737,ERX2291897
ERR2239738,ERX2291898
ERR2239739,ERX2291899
ERR2239741,ERX2291901
ERR2239468,ERX2291628
ERR2239742,ERX2291902
ERR2239743,ERX2291903
ERR2239744,ERX2291904
ERR2239745,ERX2291905
ERR2239746,ERX2291906
ERR2239747,ERX2291907
ERR2239748,ERX2291908
ERR2239749,ERX2291909
ERR2239750,ERX2291910
ERR2239751,ERX2291911
ERR2239752,ERX2291912
ERR2239753,ERX2291913
ERR2239754,ERX2291914
ERR2239755,ERX2291915
ERR2239756,ERX2291916
ERR2239757,ERX2291917
ERR2239758,ERX2291918
ERR2239759,ERX2291919
ERR2239469,ERX2291629
ERR2239760,ERX2291920
ERR2239761,ERX2291921
ERR2239763,ERX2291923
ERR2239764,ERX2291924
ERR2239765,ERX2291925
ERR2239768,ERX2291928
ERR2239769,ERX2291929
ERR2239770,ERX2291930
ERR2239771,ERX2291931
ERR2239772,ERX2291932
ERR2239773,ERX2291933
ERR2239774,ERX2291934
ERR2239775,ERX2291935
ERR2239776,ERX2291936
ERR2239777,ERX2291937
ERR2239778,ERX2291938
ERR2239779,ERX2291939
ERR2239780,ERX2291940
ERR2239781,ERX2291941
ERR2239782,ERX2291942
ERR2239790,ERX2291950
ERR2239791,ERX2291951
ERR2239792,ERX2291952
ERR2239793,ERX2291953
ERR2239794,ERX2291954
ERR2239795,ERX2291955
ERR2239796,ERX2291956
ERR2239797,ERX2291957
ERR2239798,ERX2291958
ERR2239799,ERX2291959
ERR2239800,ERX2291960
ERR2239801,ERX2291961
ERR2239470,ERX2291630
ERR2239802,ERX2291962
ERR2239803,ERX2291963
ERR2239804,ERX2291964
ERR2239805,ERX2291965
ERR2239806,ERX2291966
ERR2239807,ERX2291967
ERR2239808,ERX2291968
ERR2239166,ERX2291326
ERR2239809,ERX2291969
ERR2239471,ERX2291631
ERR2239172,ERX2291332
ERR2239174,ERX2291334
ERR2239472,ERX2291632
ERR2239473,ERX2291633
ERR2239342,ERX2291502
ERR2239474,ERX2291634
ERR2239475,ERX2291635
ERR2239476,ERX2291636
ERR2239477,ERX2291637
ERR2239478,ERX2291638
ERR2239479,ERX2291639
ERR2239480,ERX2291640
ERR2239481,ERX2291641
ERR2239482,ERX2291642
ERR2239483,ERX2291643
ERR2239484,ERX2291644
ERR2239485,ERX2291645
ERR2239486,ERX2291646
ERR2239489,ERX2291649
ERR2239490,ERX2291650
ERR2239491,ERX2291651
ERR2239492,ERX2291652
ERR2239493,ERX2291653
ERR2239494,ERX2291654
ERR2239495,ERX2291655
ERR2239187,ERX2291347
ERR2239496,ERX2291656
ERR2239497,ERX2291657
ERR2239498,ERX2291658
ERR2239499,ERX2291659
ERR2239500,ERX2291660
ERR2239501,ERX2291661
ERR2239502,ERX2291662
ERR2239503,ERX2291663
ERR2239504,ERX2291664
ERR2239505,ERX2291665
ERR2239506,ERX2291666
ERR2239507,ERX2291667
ERR3946693,ERS4346398
ERR3946694,ERS4346399
ERR3946695,ERS4346400
ERR3946696,ERS4346401
ERR3946697,ERS4346402
ERR3946698,ERS4346403
ERR3946699,ERS4346404
ERR3946700,ERS4346405
ERR3946701,ERS4346406
ERR3941050,ERS4341364
ERR3941051,ERS4341365
ERR3946704,ERS4346409
ERR3946705,ERS4346410
ERR3946706,ERS4346411
ERR3946707,ERS4346412
ERR3946708,ERS4346413
ERR3946709,ERS4346414
ERR3946710,ERS4346415
ERR3946711,ERS4346416
ERR3946712,ERS4346417
ERR3946713,ERS4346418
ERR3946714,ERS4346419
ERR3946715,ERS4346420
ERR3941052,ERS4341366
ERR3941053,ERS4341367
ERR3946716,ERS4346421
ERR3946717,ERS4346422
ERR3946718,ERS4346423
ERR3946719,ERS4346424
ERR3946720,ERS4346425
ERR3946721,ERS4346426
ERR3946722,ERS4346427
ERR3946723,ERS4346428
ERR3946724,ERS4346429
ERR3946725,ERS4346430
ERR3946726,ERS4346431
ERR3946727,ERS4346432
ERR3946728,ERS4346433
ERR3946729,ERS4346434
ERR3946730,ERS4346435
ERR3941054,ERS4341368
ERR3946731,ERS4346436
ERR3946732,ERS4346437
ERR3941055,ERS4341369
ERR3946733,ERS4346438
ERR3946734,ERS4346439
ERR3946735,ERS4346440
ERR3941056,ERS4341370
ERR3941057,ERS4341371
ERR3941058,ERS4341372
ERR3941059,ERS4341373
ERR3941060,ERS4341374
ERR3941061,ERS4341375
ERR3941062,ERS4341376
ERR3941063,ERS4341377
ERR3941064,ERS4341378
ERR3941065,ERS4341379
ERR3946736,ERS4346441
ERR3941066,ERS4341380
ERR3941067,ERS4341381
ERR3941068,ERS4341382
ERR3941069,ERS4341383
ERR3941070,ERS4341384
ERR3941071,ERS4341385
ERR3946737,ERS4346442
ERR3941072,ERS4341386
ERR3941073,ERS4341387
ERR3941074,ERS4341388
ERR3941075,ERS4341389
ERR3946738,ERS4346443
ERR3941076,ERS4341390
ERR3941077,ERS4341391
ERR3941078,ERS4341392
ERR3946739,ERS4346444
ERR3941079,ERS4341393
ERR3941080,ERS4341394
ERR3941081,ERS4341395
ERR3941082,ERS4341396
ERR3941083,ERS4341397
ERR3941084,ERS4341398
ERR3941085,ERS4341399
ERR3941086,ERS4341400
ERR3941087,ERS4341401
ERR3941088,ERS4341402
ERR3941089,ERS4341403
ERR3941090,ERS4341404
ERR3941091,ERS4341405
ERR3941092,ERS4341406
ERR3941093,ERS4341407
ERR3941094,ERS4341408
ERR3941095,ERS4341409
ERR3941096,ERS4341410
ERR3941097,ERS4341411
ERR3941098,ERS4341412
ERR3941099,ERS4341413
ERR3941100,ERS4341414
ERR3946740,ERS4346445
ERR3946741,ERS4346446
ERR3946742,ERS4346447
ERR3946743,ERS4346448
ERR3946744,ERS4346449
ERR3946745,ERS4346450
ERR3946746,ERS4346451
ERR3946747,ERS4346452
ERR3946748,ERS4346453
ERR3946749,ERS4346454
ERR3946750,ERS4346455
ERR3946751,ERS4346456
ERR3946752,ERS4346457
ERR3946753,ERS4346458
ERR3946754,ERS4346459
ERR3946755,ERS4346460
ERR3946756,ERS4346461
ERR3946757,ERS4346462
ERR3946758,ERS4346463
ERR3946759,ERS4346464
ERR3946760,ERS4346465
ERR3946761,ERS4346466
ERR3946762,ERS4346467
ERR3946763,ERS4346468
ERR3946764,ERS4346469
ERR3946765,ERS4346470
ERR3946766,ERS4346471
ERR3946767,ERS4346472
ERR3946768,ERS4346473
ERR3946769,ERS4346474
ERR3946770,ERS4346475
ERR3946771,ERS4346476
ERR3946772,ERS4346477
ERR3946773,ERS4346478
ERR3946774,ERS4346479
ERR3946775,ERS4346480
ERR3946776,ERS4346481
ERR3946777,ERS4346482
ERR3946778,ERS4346483
ERR3946779,ERS4346484
ERR3946780,ERS4346485
ERR3946781,ERS4346486
ERR3946782,ERS4346487
ERR3946783,ERS4346488
ERR3946784,ERS4346489
ERR3946785,ERS4346490
ERR3946786,ERS4346491
ERR3946787,ERS4346492
ERR3946788,ERS4346493
ERR3946789,ERS4346494
ERR3946790,ERS4346495
ERR3946791,ERS4346496
ERR3946792,ERS4346497
ERR3946793,ERS4346498
ERR3946794,ERS4346499
ERR3946795,ERS4346500
ERR3946796,ERS4346501
ERR3946797,ERS4346502
ERR3946798,ERS4346503
ERR3946799,ERS4346504
ERR3946800,ERS4346505
ERR3946801,ERS4346506
ERR3946802,ERS4346507
ERR3946803,ERS4346508
ERR3946804,ERS4346509
ERR3946805,ERS4346510
ERR3946806,ERS4346511
ERR3946807,ERS4346512
ERR3946808,ERS4346513
ERR3946809,ERS4346514
ERR3946810,ERS4346515
ERR3946811,ERS4346516
ERR3946812,ERS4346517
ERR3946813,ERS4346518
ERR3946814,ERS4346519
ERR3946815,ERS4346520
ERR3946817,ERS4346522
ERR3946818,ERS4346523
ERR3946819,ERS4346524
ERR3946820,ERS4346525
ERR3946822,ERS4346527
ERR3946823,ERS4346528
ERR3946824,ERS4346529
ERR3946825,ERS4346530
ERR3946826,ERS4346531
ERR3946827,ERS4346532
ERR3946828,ERS4346533
ERR3946829,ERS4346534
ERR3946830,ERS4346535
ERR3946831,ERS4346536
ERR3946832,ERS4346537
ERR3946833,ERS4346538
ERR3946834,ERS4346539
ERR3946835,ERS4346540
ERR3946836,ERS4346541
ERR3941101,ERS4341415
ERR3941102,ERS4341416
ERR3941103,ERS4341417
ERR3941104,ERS4341418
ERR3941105,ERS4341419
ERR3941106,ERS4341420
ERR3941107,ERS4341421
ERR3941108,ERS4341422
ERR3941109,ERS4341423
ERR3941110,ERS4341424
ERR3941111,ERS4341425
ERR3941112,ERS4341426
ERR3941113,ERS4341427
ERR3941114,ERS4341428
ERR3941115,ERS4341429
ERR3941116,ERS4341430
ERR3946837,ERS4346542
ERR3946838,ERS4346543
ERR3946839,ERS4346544
ERR3946840,ERS4346545
ERR3946841,ERS4346546
ERR3946842,ERS4346547
ERR3946843,ERS4346548
ERR3946844,ERS4346549
ERR3946845,ERS4346550
ERR3946846,ERS4346551
ERR3946847,ERS4346552
ERR3946848,ERS4346553
ERR3946849,ERS4346554
ERR3946850,ERS4346555
ERR3946851,ERS4346556
ERR3946852,ERS4346557
ERR3946853,ERS4346558
ERR3946854,ERS4346559
ERR3946855,ERS4346560
ERR3946856,ERS4346561
ERR3941117,ERS4341431
ERR3946857,ERS4346562
ERR3946858,ERS4346563
ERR3946859,ERS4346564
ERR3946860,ERS4346565
ERR3946861,ERS4346566
ERR3946862,ERS4346567
ERR3946863,ERS4346568
ERR3946864,ERS4346569
ERR3946865,ERS4346570
ERR3946866,ERS4346571
ERR3946867,ERS4346572
ERR3946868,ERS4346573
ERR3946869,ERS4346574
ERR3946871,ERS4346576
ERR3946872,ERS4346577
ERR3946873,ERS4346578
ERR3941118,ERS4341432
ERR3941119,ERS4341433
ERR3941120,ERS4341434
ERR3941121,ERS4341435
ERR3941122,ERS4341436
ERR3941123,ERS4341437
ERR3941124,ERS4341438
ERR3941125,ERS4341439
ERR3941126,ERS4341440
ERR3941127,ERS4341441
ERR3941128,ERS4341442
ERR3941129,ERS4341443
ERR3941130,ERS4341444
ERR3941131,ERS4341445
ERR3941132,ERS4341446
ERR3941133,ERS4341447
ERR3941134,ERS4341448
ERR3941135,ERS4341449
ERR3941136,ERS4341450
ERR3941137,ERS4341451
ERR3941138,ERS4341452
ERR3941139,ERS4341453
ERR3941140,ERS4341454
ERR3941141,ERS4341455
ERR3941142,ERS4341456
ERR3941143,ERS4341457
ERR3941144,ERS4341458
ERR3941145,ERS4341459
ERR3941146,ERS4341460
ERR3941147,ERS4341461
ERR3941148,ERS4341462
ERR3941149,ERS4341463
ERR3946874,ERS4346579
ERR3946875,ERS4346580
ERR3946876,ERS4346581
ERR3946877,ERS4346582
ERR3946878,ERS4346583
ERR3946879,ERS4346584
ERR3946880,ERS4346585
ERR3946881,ERS4346586
ERR3946882,ERS4346587
ERR3946883,ERS4346588
ERR3946884,ERS4346589
ERR3946885,ERS4346590
ERR3946886,ERS4346591
ERR3946887,ERS4346592
ERR3946888,ERS4346593
ERR3946889,ERS4346594
ERR3946890,ERS4346595
ERR3946891,ERS4346596
ERR3946892,ERS4346597
ERR3946893,ERS4346598
ERR3946894,ERS4346599
ERR3946895,ERS4346600
ERR3941150,ERS4341464
ERR3941151,ERS4341465
ERR3941152,ERS4341466
ERR3941153,ERS4341467
ERR3941154,ERS4341468
ERR3941155,ERS4341469
ERR3941156,ERS4341470
ERR3941157,ERS4341471
ERR3941158,ERS4341472
ERR3941159,ERS4341473
ERR3941160,ERS4341474
ERR3941161,ERS4341475
ERR3941162,ERS4341476
ERR3941163,ERS4341477
ERR3941164,ERS4341478
ERR3941165,ERS4341479
ERR3941166,ERS4341480
ERR3941167,ERS4341481
ERR3941168,ERS4341482
ERR3941169,ERS4341483
ERR3941170,ERS4341484
ERR3941171,ERS4341485
ERR3941172,ERS4341486
ERR3941173,ERS4341487
ERR3941174,ERS4341488
ERR3941175,ERS4341489
ERR3941176,ERS4341490
ERR3941177,ERS4341491
ERR3941178,ERS4341492
ERR3941179,ERS4341493
ERR3941180,ERS4341494
ERR3941181,ERS4341495
ERR3941182,ERS4341496
ERR3941183,ERS4341497
ERR3941184,ERS4341498
ERR3941185,ERS4341499
ERR3941186,ERS4341500
ERR3941187,ERS4341501
ERR3941188,ERS4341502
ERR3941189,ERS4341503
ERR3941190,ERS4341504
ERR3941191,ERS4341505
ERR3941192,ERS4341506
ERR3941193,ERS4341507
ERR3941194,ERS4341508
ERR3941195,ERS4341509
ERR3941196,ERS4341510
ERR3941197,ERS4341511
ERR3941198,ERS4341512
ERR3941199,ERS4341513
ERR3941200,ERS4341514
ERR3941201,ERS4341515
ERR3941202,ERS4341516
ERR3941203,ERS4341517
ERR3941204,ERS4341518
ERR3941205,ERS4341519
ERR3941206,ERS4341520
ERR3941207,ERS4341521
ERR3941208,ERS4341522
ERR3941209,ERS4341523
ERR3941210,ERS4341524
ERR3941211,ERS4341525
ERR3941212,ERS4341526
ERR3941213,ERS4341527
ERR3941214,ERS4341528
ERR3941215,ERS4341529
ERR3941216,ERS4341530
ERR3941217,ERS4341531
ERR3941218,ERS4341532
ERR3941219,ERS4341533
ERR3941220,ERS4341534
ERR3941221,ERS4341535
ERR3941222,ERS4341536
ERR3941223,ERS4341537
ERR3941224,ERS4341538
ERR3941225,ERS4341539
ERR3941226,ERS4341541
ERR3941227,ERS4341542
ERR3941228,ERS4341543
ERR3941229,ERS4341544
ERR3941230,ERS4341545
ERR3941231,ERS4341546
ERR3941232,ERS4341547
ERR3941233,ERS4341548
ERR3941234,ERS4341549
ERR3941235,ERS4341550
ERR3941236,ERS4341551
ERR3941237,ERS4341552
ERR3941238,ERS4341553
ERR3941239,ERS4341554
ERR3941240,ERS4341555
ERR3941241,ERS4341556
ERR3941242,ERS4341557
ERR3941243,ERS4341558
ERR3941244,ERS4341559
ERR3941245,ERS4341560
ERR3941246,ERS4341561
ERR3941247,ERS4341562
ERR3941248,ERS4341563
ERR3941249,ERS4341564
ERR3941250,ERS4341565
ERR3941251,ERS4341566
ERR3941252,ERS4341567
ERR3941253,ERS4341568
ERR3941254,ERS4341569
ERR3941255,ERS4341570
ERR3941256,ERS4341571
ERR3941257,ERS4341572
ERR3941258,ERS4341573
ERR3941259,ERS4341574
ERR3941260,ERS4341575
ERR3941261,ERS4341576
ERR3941262,ERS4341577
ERR3941263,ERS4341578
ERR3941264,ERS4341579
ERR3941265,ERS4341580
ERR3941266,ERS4341581
ERR3941267,ERS4341582
ERR3941268,ERS4341583
ERR3941269,ERS4341584
ERR3941270,ERS4341585
ERR3941271,ERS4341586
ERR3941272,ERS4341587
ERR3941273,ERS4341588
ERR3941274,ERS4341589
ERR3941275,ERS4341590
ERR3941276,ERS4341591
ERR3941277,ERS4341592
ERR3941278,ERS4341593
ERR3941279,ERS4341594
ERR3941280,ERS4341595
ERR3941281,ERS4341596
ERR3941282,ERS4341597
ERR3941283,ERS4341598
ERR3941284,ERS4341599
ERR3941285,ERS4341600
ERR3941286,ERS4341601
ERR3941287,ERS4341602
ERR3941288,ERS4341603
ERR3941289,ERS4341604
ERR3941290,ERS4341605
ERR3941291,ERS4341606
ERR3941292,ERS4341607
ERR3941293,ERS4341608
ERR3941294,ERS4341609
ERR3941295,ERS4341610
ERR3941296,ERS4341611
ERR3941297,ERS4341612
ERR3941298,ERS4341613
ERR3941299,ERS4341614
ERR3941300,ERS4341615
ERR3941301,ERS4341616
ERR3941302,ERS4341617
ERR3941303,ERS4341618
ERR3941304,ERS4341619
ERR3941305,ERS4341620
ERR3941306,ERS4341621
ERR3941307,ERS4341622
ERR3941308,ERS4341623
ERR3941309,ERS4341624
ERR3941310,ERS4341625
ERR3941311,ERS4341626
ERR3941312,ERS4341627
ERR3941313,ERS4341628
ERR3941314,ERS4341629
ERR3946896,ERS4346601
ERR3946897,ERS4346602
ERR3946898,ERS4346603
ERR3946899,ERS4346604
ERR3946900,ERS4346605
ERR3946901,ERS4346606
ERR3946902,ERS4346607
ERR3946903,ERS4346608
ERR3946904,ERS4346609
ERR3941315,ERS4341630
ERR3941316,ERS4341631
ERR3941317,ERS4341632
ERR3941318,ERS4341633
ERR3941319,ERS4341634
ERR3941320,ERS4341635
ERR3941321,ERS4341636
ERR3941322,ERS4341637
ERR3941323,ERS4341638
ERR3941324,ERS4341639
ERR3941325,ERS4341640
ERR3941326,ERS4341641
ERR3941327,ERS4341642
ERR3941328,ERS4341643
ERR3941329,ERS4341644
ERR3941330,ERS4341645
ERR3941331,ERS4341646
ERR3941332,ERS4341647
ERR3941333,ERS4341648
ERR3941334,ERS4341649
ERR3941335,ERS4341650
ERR3941336,ERS4341651
ERR3941337,ERS4341652
ERR3941338,ERS4341653
ERR3941339,ERS4341654
ERR3941340,ERS4341655
ERR3941341,ERS4341656
ERR3941343,ERS4341658
ERR3941344,ERS4341659
ERR3941345,ERS4341660
ERR3941346,ERS4341661
ERR3941347,ERS4341662
ERR3941348,ERS4341663
ERR3941349,ERS4341664
ERR3941350,ERS4341665
ERR3941351,ERS4341666
ERR3941352,ERS4341667
ERR3941353,ERS4341668
ERR3941354,ERS4341669
ERR3941355,ERS4341670
ERR3941356,ERS4341671
ERR3941357,ERS4341672
ERR3941359,ERS4341674
ERR3941360,ERS4341675
ERR3941361,ERS4341676
ERR3941362,ERS4341677
ERR3941363,ERS4341678
ERR3941364,ERS4341679
ERR3941365,ERS4341680
ERR3941366,ERS4341681
ERR3941367,ERS4341682
ERR3941368,ERS4341683
ERR3941369,ERS4341684
ERR3941370,ERS4341685
ERR3941371,ERS4341686
ERR3941372,ERS4341687
ERR3941373,ERS4341688
ERR3941374,ERS4341689
ERR3941375,ERS4341690
ERR3941376,ERS4341691
ERR3941377,ERS4341692
ERR3941378,ERS4341693
ERR3941379,ERS4341694
ERR3941380,ERS4341695
ERR3941381,ERS4341696
ERR3941383,ERS4341698
ERR3941384,ERS4341699
ERR3941385,ERS4341700
ERR3941386,ERS4341701
ERR3941387,ERS4341702
ERR3941388,ERS4341703
ERR3941389,ERS4341704
ERR3941390,ERS4341705
ERR3941391,ERS4341706
ERR3941392,ERS4341707
ERR3941393,ERS4341708
ERR3941394,ERS4341709
ERR3941395,ERS4341710
ERR3941396,ERS4341711
ERR3941397,ERS4341712
ERR3941398,ERS4341713
ERR3941399,ERS4341714
ERR3941400,ERS4341715
ERR3941401,ERS4341716
ERR3958059,ERS4356233
ERR3958060,ERS4356234
ERR3958061,ERS4356235
ERR3958062,ERS4356236
ERR3958063,ERS4356237
ERR3958064,ERS4356238
ERR3958065,ERS4356239
ERR3958066,ERS4356240
ERR3958067,ERS4356241
ERR3958068,ERS4356242
ERR3958069,ERS4356243
ERR3958070,ERS4356244
ERR3958071,ERS4356245
ERR3958072,ERS4356246
ERR3958073,ERS4356247
ERR3958074,ERS4356248
ERR3958075,ERS4356249
ERR3958076,ERS4356250
ERR3958077,ERS4356251
ERR3958078,ERS4356252
ERR3958079,ERS4356253
ERR3958080,ERS4356254
ERR3958081,ERS4356255
ERR3958082,ERS4356256
ERR3958083,ERS4356257
ERR3958084,ERS4356258
ERR3958085,ERS4356259
ERR3958086,ERS4356260
ERR3958087,ERS4356261
ERR3958088,ERS4356262
ERR3958089,ERS4356263
ERR3958090,ERS4356264
ERR3958091,ERS4356265
ERR3958092,ERS4356266
ERR3958093,ERS4356267
ERR3958094,ERS4356268
ERR3958095,ERS4356269
ERR3958096,ERS4356270
ERR3958097,ERS4356271
ERR3958099,ERS4356273
ERR3957978,ERS4356152
ERR3957979,ERS4356153
ERR3957980,ERS4356154
ERR3957981,ERS4356155
ERR3957982,ERS4356156
ERR3957983,ERS4356157
ERR3957984,ERS4356158
ERR3957985,ERS4356159
ERR3957986,ERS4356160
ERR3957987,ERS4356161
ERR3957988,ERS4356162
ERR3957989,ERS4356163
ERR3957990,ERS4356164
ERR3957991,ERS4356165
ERR3957992,ERS4356166
ERR3957993,ERS4356167
ERR3957994,ERS4356168
ERR3957995,ERS4356169
ERR3957996,ERS4356170
ERR3957997,ERS4356171
ERR3957998,ERS4356172
ERR3957999,ERS4356173
ERR3958000,ERS4356174
ERR3958001,ERS4356175
ERR3958002,ERS4356176
ERR3958003,ERS4356177
ERR3958004,ERS4356178
ERR3958005,ERS4356179
ERR3958006,ERS4356180
ERR3958008,ERS4356182
ERR3958009,ERS4356183
ERR3958010,ERS4356184
ERR3958011,ERS4356185
ERR3958012,ERS4356186
ERR3958013,ERS4356187
ERR3958014,ERS4356188
ERR3958015,ERS4356189
ERR3958016,ERS4356190
ERR3958017,ERS4356191
ERR3958018,ERS4356192
ERR3958019,ERS4356193
ERR3958020,ERS4356194
ERR3958021,ERS4356195
ERR3958022,ERS4356196
ERR3958023,ERS4356197
ERR3958024,ERS4356198
ERR3958025,ERS4356199
ERR3958026,ERS4356200
ERR3958027,ERS4356201
ERR3958028,ERS4356202
ERR3958029,ERS4356203
ERR3958030,ERS4356204
ERR3958031,ERS4356205
ERR3958032,ERS4356206
ERR3958033,ERS4356207
ERR3958035,ERS4356209
ERR3958036,ERS4356210
ERR3958037,ERS4356211
ERR3958038,ERS4356212
ERR3958039,ERS4356213
ERR3958040,ERS4356214
ERR3958041,ERS4356215
ERR3958042,ERS4356216
ERR3958043,ERS4356217
ERR3958044,ERS4356218
ERR3958045,ERS4356219
ERR3958046,ERS4356220
ERR3958047,ERS4356221
ERR3958048,ERS4356222
ERR3958049,ERS4356223
ERR3958050,ERS4356224
ERR3958051,ERS4356225
ERR3958052,ERS4356226
ERR3958053,ERS4356227
ERR3958054,ERS4356228
ERR3958055,ERS4356229
ERR3958056,ERS4356230
ERR3958057,ERS4356231
ERR3958058,ERS4356232
ERR3958101,ERS4356275
ERR3958102,ERS4356276
ERR3958103,ERS4356277
ERR3958104,ERS4356278
ERR3958105,ERS4356279
ERR3958106,ERS4356280
ERR3958107,ERS4356281
ERR3958108,ERS4356282
ERR3958109,ERS4356283
ERR3958110,ERS4356284
ERR3958111,ERS4356285
ERR3958112,ERS4356286
ERR3958113,ERS4356287
ERR3958114,ERS4356288
ERR3958115,ERS4356289
ERR3958116,ERS4356290
ERR3958117,ERS4356291
ERR3958118,ERS4356292
ERR3958119,ERS4356293
ERR3958120,ERS4356294
ERR3958121,ERS4356295
ERR3958122,ERS4356296
ERR3958123,ERS4356297
ERR3958124,ERS4356298
ERR3958125,ERS4356299
ERR3958126,ERS4356300
ERR3958127,ERS4356301
ERR3958128,ERS4356302
ERR3958129,ERS4356303
ERR3958130,ERS4356304
ERR3958131,ERS4356305
ERR3958132,ERS4356306
ERR3958133,ERS4356307
ERR3958134,ERS4356308
ERR3958135,ERS4356309
ERR3958136,ERS4356310
ERR3958137,ERS4356311
ERR3958138,ERS4356312
ERR3958139,ERS4356313
ERR3958140,ERS4356314
ERR3958141,ERS4356315
ERR3958142,ERS4356316
ERR3958143,ERS4356317
ERR3958145,ERS4356319
ERR3958146,ERS4356320
ERR3958147,ERS4356321
ERR3958148,ERS4356322
ERR3958149,ERS4356323
ERR3958150,ERS4356324
